{
  "date": "2020-05-27T02:58:55.668Z",
  "title": "Lista de Produtos Mais Vendidos Primeiro Semestre 2020;.",
  "thumbnail": "",
  "description": "",
  "body": "\n\nApresentamos neste curto post uma lista dos produtos mais vendidos em nossa loja virtual, mesmo durante a pandemia do Corona Virus.\n\n<li> <a href=\"http://bluekids.com.br/roupa-de-festa-mickey-safari-manga-curta-com-gravata-e-suspensorio\">roupa-de-festa-mickey-safari-manga-curta-com-gravata-e-suspensorio</a> </li>\n\n<li> <a href=\"http://bluekids.com.br/roupa-de-festa-menino-safari-com-gravata-e-suspensorio>\n\n<li><a href=\"http://bluekids.com.br/conjunto-camisa-social-manga-curta-fundo-do-mar-com-gravata-e-suspensorio\">roupa-de-festa-menino-safari-com-gravata-e-suspensorio></a>a> </li>\n\n<li> <a href=\"http://bluekids.com.br/conjunto-camisa-social-manga-curta-fundo-do-mar-com-gravata-e-suspensorio</a></li>\n\n<li><a href=\"http://bluekids.com.br/busca?b=Roupa\">Roupa</a> </li>\n\n<li> <a href=\"http://bluekids.com.br/roupa-infantil-bebe-menino-smash-the-cake-safari\">roupa-infantil-bebe-menino-smash-the-cake-safari</a> </li>\n\n<li> <a href=\"http://bluekids.com.br/smash-the-cake-chuva-de-bencao\">smash-the-cake-chuva-de-bencao</a> </li>\n\n<li> <a href=\"http://bluekids.com.br/conjunto-camisa-chuva-de-bencao-com-bermuda-suspensorio-e-gravata\">conjunto-camisa-chuva-de-bencao-com-bermuda-suspensorio-e-gravata</a> </li>\n\n<li> <a href=\"http://bluekids.com.br/conjunto-camisa-social-infantil-mundo-bita-com-calca\">conjunto-camisa-chuva-de-bencao-com-bermuda-suspensorio-e-gravata</a> </li>\n\n<li> <a href=\"http://bluekids.com.br/roupa-de-festa-infantil-ursinho-marinheiro-com-gravata-e-suspensorio\">roupa-de-festa-infantil-ursinho-marinheiro-com-gravata-e-suspensorio</a> </li>\n\n<li> <a href=\"http://bluekids.com.br/camisa-social-infantil-manga-longa-safari-bege\">camisa-social-infantil-manga-longa-safari-bege</a> </li>\n\n<li> <a href=\"http://bluekids.com.br/roupa-de-festa-camisa-safari-baby-manga-curta-com-gravata-e-suspensorio\">roupa-de-festa-camisa-safari-baby-manga-curta-com-gravata-e-suspensorio</a> </li>\n\n<li> <a href=\"http://bluekids.com.br/roupa-festa-aniversario-pequeno-principe-com-gravata-e-suspensorio\">roupa-festa-aniversario-pequeno-principe-com-gravata-e-suspensorio</a> </li>\n\n<li> <a href=\"http://bluekids.com.br/roupa-de-festa-pequeno-principe-com-gravata-e-suspensorio\">roupa-de-festa-pequeno-principe-com-gravata-e-suspensorio</a> </li>\n\n<li> <a href=\"http://bluekids.com.br/conjunto-tematico-manga-curta-fundo-do-mar-com-calca-gravata-e-suspensorio\">conjunto-tematico-manga-curta-fundo-do-mar-com-calca-gravata-e-suspensorio</a> </li>\n\n<li> <a href=\"http://bluekids.com.br/busca?b=body\">body social infantil</a> </li>\n\n<li> <a href=\"http://bluekids.com.br/roupa-de-festa-infantil-menino-safari-manga-longa\">roupa-de-festa-infantil-menino-safari-manga-longa</a> </li>\n\n<li> <a href=\"http://bluekids.com.br/conjunto-roupa-infantil-fundo-do-mar-peixinho-nemo\">conjunto-roupa-infantil-fundo-do-mar-peixinho-nemo</a> </li>\n\n<li> <a href=\"http://bluekids.com.br/busca?b=Roupa>Roupa>Roupa</a></li>\n\n<li><a href=\"http://bluekids.com.br/conjunto-camisa-social-infantil-galinha-pintadinha>conjunto-camisa-social-infantil-galinha-pintadinha</a> </li>\n\n<li> <a href=\"http://bluekids.com.br/roupa-festa-bebe-body-camisa-social-com-bermuda-suspensorio-e-gravata\">roupa-festa-bebe-body-camisa-social-com-bermuda-suspensorio-e-gravata</a> </li>\n\n<li> <a href=\"http://bluekids.com.br/roupa-festa-infantil-camisa-social-infantil-galinha-pintadinha\">roupa-festa-infantil-camisa-social-infantil-galinha-pintadinha</a> </li>\n\n<li> <a href=\"http://bluekids.com.br/conjunto-roupa-infantil-patrulha-canina\">conjunto-roupa-infantil-patrulha-canina</a> </li>\n\n<li> <a href=\"http://bluekids.com.br/conjunto-roupa-festa-infantil-bebe-menino-ursinho-marinheiro\">conjunto-roupa-festa-infantil-bebe-menino-ursinho-marinheiro</a> </li>\n\n<li> <a href=\"http://bluekids.com.br/roupa-de-festa-camisa-social-dinossauros-com-gravata-e-suspensorio\">roupa-de-festa-camisa-social-dinossauros-com-gravata-e-suspensorio</a> </li>\n\n<li> <a href=\"http://bluekids.com.br/conjunto-roupa-festa-infantil-bebe-menino-safari-rei-leao\">conjunto-roupa-festa-infantil-bebe-menino-safari-rei-leao</a> </li>\n\n<li> <a href=\"http://bluekids.com.br/bermuda-social-infantil-bege-suspensorio-e-gravata\">bermuda-social-infantil-bege-suspensorio-e-gravata</a> </li>\n\n<li> <a href=\"http://bluekids.com.br/conjunto-roupa-festa-infantil-bebe-menino-patrulha-canina\">conjunto-roupa-festa-infantil-bebe-menino-patrulha-canina</a> </li>\n\n<li> <a href=\"http://bluekids.com.br/roupa-bebe-menino-smash-the-cake-baby-shark-azul-claro\">roupa-bebe-menino-smash-the-cake-baby-shark-azul-claro</a> </li>\n\n<li> <a href=\"http://bluekids.com.br/roupa-festa-infantil-bebe-menino-ursinho-principe\">roupa-festa-infantil-bebe-menino-ursinho-principe</a> </li>\n\n<li> <a href=\"http://bluekids.com.br/camisa-social-infantil-tematica-manga-curta-baloes-vermelhos\">camisa-social-infantil-tematica-manga-curta-baloes-vermelhos</a> </li>\n\n<li> <a href=\"http://bluekids.com.br/camisa-social-infantil-tematica-manga-curta-circo-azul\">camisa-social-infantil-tematica-manga-curta-circo-azul</a> </li>\n\n<li> <a href=\"http://bluekids.com.br/conjunto-camisa-lhamas-bege-com-bermuda-suspensorio-e-gravata\">conjunto-camisa-lhamas-bege-com-bermuda-suspensorio-e-gravata</a> </li>\n\n<li> <a href=\"http://bluekids.com.br/conjunto-roupa-mesversario-body-social-com-bermuda\">conjunto-roupa-mesversario-body-social-com-bermuda</a> </li>\n\n<li> <a href=\"http://bluekids.com.br/body-camisa-social-bebe-manga-curta\">body-camisa-social-bebe-manga-curta</a> </li>\n\n<li> <a href=\"http://bluekids.com.br/roupa-festa-body-menino-camisa-social-menino-fundo-do-mar-azul\">roupa-festa-body-menino-camisa-social-menino-fundo-do-mar-azul</a> </li>\n\n<li> <a href=\"http://bluekids.com.br/conjunto-tematico-manga-curta-fundo-do-mar-com-gravata-e-suspensorio\">conjunto-tematico-manga-curta-fundo-do-mar-com-gravata-e-suspensorio</a> </li>\n\n<li> <a href=\"http://bluekids.com.br/roupa-bebe-body-social-camisa-social-manga-curta\">roupa-bebe-body-social-camisa-social-manga-curta</a> </li>\n\n<li> <a href=\"http://bluekids.com.br/roupa-infantil-de-festa-camisa-safari-com-gravata-e-suspensorio\">roupa-infantil-de-festa-camisa-safari-com-gravata-e-suspensorio</a> </li>\n\n<li> <a href=\"http://bluekids.com.br/roupa-festa-infantil-bebe-menino-realeza\">roupa-festa-infantil-bebe-menino-realeza</a> </li>\n\n<li> <a href=\"http://bluekids.com.br/roupa-de-festa-camisa-social-minions-com-gravata-e-suspensorio\">roupa-de-festa-camisa-social-minions-com-gravata-e-suspensorio</a> </li>\n\n<li> <a href=\"http://bluekids.com.br/roupa-de-festa-camisa-social-circo-com-gravata-e-suspensorio\">roupa-de-festa-camisa-social-circo-com-gravata-e-suspensorio</a> </li>\n\n<li> <a href=\"http://bluekids.com.br/roupa-festa-body-bebe-camisa-social-menino-chuva-de-amor\">roupa-festa-body-bebe-camisa-social-menino-chuva-de-amor</a> </li>\n\n<li> <a href=\"http://bluekids.com.br/conjunto-roupa-infantil-batizado-menino\">conjunto-roupa-infantil-batizado-menino</a> </li>\n\n</ul>",
  "meta_title": "Lista dos Melhores Produtos Blue Kids",
  "meta_description": "Apresentamos neste curto post uma lista dos  50(cinquenta) produtos mais vendidos em nossa loja virtual, mesmo durante a pandemia do Corona Virus.",
  "sections": [
    {
      "type": "collection-shelf",
      "shuffle": true,
      "collection_id": "5e286a5362887026009bf0fb",
      "sort": "news",
      "link": "http://bluekids.com.br/roupa-de-festa-mickey-safari-manga-curta-com-gravata-e-suspensorio",
      "title": "Nossos Produtos em Destaque durante o mês de Maio"
    }
  ]
}