{
  "title": "Vamos Encantar Você !",
  "date": "2020-02-09T01:01:18.975Z",
  "thumbnail": "",
  "body": "A [Blue Kids](https://www.bluekids.com.br) é fruto da vontade e sonho de um casal que, após o nascimento do primeiro filho, decidiram, viver de forma mais intensa a experiência da benção recebida por Deus.\n\nFoi preciso muita dedicação, muito trabalho e muitas horas de estudo, aconselhamento, planos e projetos até o nascimento da Blue Kids.\n\nPrimeiramente apenas vendíamos roupas fabricadas por outras marcas famosas, mas sempre buscando o [look perfeito para os meninos](www.bluekids.com.br/conjuntos), depois após muito trabalho, começamos a modelar e pilotar a primeira camisa. Levamos cerca de seis meses, entre modelagens, pilotagens e acertos para sair a primeira peça.\n\nDepois outros vários meses até encontrar o fornecedor certo dos tecidos e aviamentos, até que, enfim, colocamos o primeiro anuncio no Mercado Livre. Foi sucesso imediato, vendemos nossas primeiras 15 (quinze) camisas em 07 (sete) dias.\n\nNosso foco, desde então sempre foi encantar nossos clientes, proporcionar uma experiência de compra, próxima, amiga e descontraída, criamos um modelo diferente de venda, onde o cliente conversa com o vendedor, pede fotos, explicações e interage de forma próxima.\n\nSugerimos looks, composições a até mesmo aconselhamento sobre o tamanho ou melhor ocasião para compra.\n\nA Blue Kids não é uma loja virtual tradicional, nosso foco é encantar pessoas, pois levamos a sério a máxima em que: **\"Pessoas são mais importantes que coisas\"**, pois nunca veremos em nossa vida, coisas usando pessoas, ou seja, as coisas foram feitas para as pessoas que as usam, então o mais importante é cuidar do coração e do atendimento das pessoas, nosso maior patrimônio.\n\n*Levamos a sério nossos valores familiares, morais e religiosos, respeitamos as diferenças pessoais, culturais e financeiros. Todos, absolutamente todos são muito importantes para nós.*\n\nIndependente se o cliente compra ou, apenas faz uma pergunta, nos procuramos encantar sempre.\n\nEsse é o nosso objetivo e compromisso.",
  "meta_title": "Vamos Encantar Você | Blue Kids",
  "meta_description": "A Blue Kids é fruto da vontade e sonho de um casal de advogados que após o nascimento do primeiro filho, decidiram, viver de forma mais intensa a experiência da benção recebida por Deus.",
  "sections": [
    {
      "type": "breadcrumbs",
      "enabled": true
    },
    {
      "type": "page-title"
    },
    {
      "type": "blog-post",
      "enabled": true
    }
  ]
}
