{
  "title": "Formas de pagamento",
  "meta_title": "Formas de pagamento - Blue Kids",
  "meta_description": "Formas de pagamento | Loja de Roupa Infantil",
  "body": "Pague com o  PagSeguro que a sua compra está 100% protegida, receba o produto que está esperando ou devolvemos o seu dinheiro.\n\nEscolha qualquer um destes meio de pagamento:\n\nVisa American Express Mastercard Hipercard Elo MercadoLivre Card Diners\n\nCartão de crédito.\n\nAté 24x*\tÉ aprovado imediatamente\n\nBoleto bancário\n\nÀ vista com boleto bancário\\*\\*: imprima o boleto e pague na agência mais próxima.\n\n1 pagamento\tAssim que você pagar, será aprovado entre 1 e 2 dias úteis\n\nDinheiro em conta MercadoPago\n\nDinheiro em conta: o seu dinheiro disponível no Mercado Pago será enviado no mesmo instante à conta da contraparte.\n\n1 pagamento\tÉ aprovado imediatamente\n\n\\* Em alguns anúncios é possível pagar parcelado sem juros.\n\n\\*\\*Nunca pague um boleto enviado por email. Ao finalizar a compra, imprima o seu próprio boleto.\n\nGuarde todos os comprovantes de pagamento.",
  "sections": [
    {
      "type": "breadcrumbs",
      "enabled": true
    },
    {
      "type": "page-title",
      "title": "Formas de pagamento",
      "description": "Pague com o  PagSeguro que a sua compra está 100% protegida, receba o produto que está esperando ou devolvemos o seu dinheiro."
    },
    {
      "type": "extra-page",
      "enabled": true
    }
  ]
}