{
  "title": "Trocas e devoluções",
  "meta_title": "Trocas e devoluções | Blue Kids",
  "meta_description": "Trocas e devoluções conheça nossa política de trocas e devoluções",
  "body": "1. **Comprei mas não serviu uma roupa infantil, tem troca?**\n\nR: Sim! Se não tiver mais o mesmo modelo comprado, o cliente pode optar por outro modelo com a nova numeração desejada.\n\nA solicitação de troca deve ser feita em até 7 (sete) dias após o recebimento da encomenda (de acordo com o código de rastreamento fornecido pelos Correios), desde que os produtos estejam nas mesmas condições em que foram enviados, sem uso, sem danos, sem odores e sem violação de embalagem. A primeira troca o frete é por nossa conta!\n\n2. **Comprei mas não gostei do modelo de roupa infantil, posso trocar por outros produtos?**\n\nR: Sim! A solicitação de troca deve ser feita em até 7 (sete) dias após o recebimento da encomenda (de acordo com o código de rastreamento fornecido pelos Correios), desde que os produtos estejam nas mesmas condições em que foram enviados, sem uso, sem danos, sem odores e sem violação de embalagem. O frete é por conta do cliente!\n\n3. **Comprei mas me arrependi, posso devolver?**\n\nR:  Sim! você também deve solicitar a devolução do produto até 7 (sete) dias após o recebimento, desde que os produtos estejam nas mesmas condições em que foram enviados, sem uso, sem danos, sem odores e sem violação de embalagem. Assim que analizarmos a mercadoria retornada.\nEstando tudo ok, devolveremos o dinheiro referente a compra. O frete é por nossa conta!\n\n4. **Comprei, mas a roupa infantil veio com defeito, posso trocar ou devolver?**\n\nR: Sim! Em caso de defeito, a troca pode ser realizada.\n Caso não tenha mais o produto em estoque para reposição, o cliente pode escolher outro do mesmo valor, ou solicitar a devolução do dinheiro. O frete é por nossa conta!\n\n5. Q**ual é o procedimento para realizar minha troca/devolução?**\n\nR: Entre em contato via email (vendas@bluekids.com.br), identifique o número do pedido, seu CPF e o motivo da troca/devolução e aguarde entrarmos em contato.\n\n6. **Como enviarei o produto de volta ao vendedor ?**\n   R : Você receberá uma etiqueta para devolução (logistica reversa), com o prazo de utilização de 6 (seis) dias, passado este prazo a etiqueta será cancelada e o procedimento de troca/devolução encerrado.\n7. **Como receberei a etiqueta para devolução do produto?**\n   R: A etiqueta para devolução será enviada ao endereço de email cadastrado na plataforma no momento da compra. Em nenhuma hipótese será enviado qualquer documento de logistica por outros meios, tais como (facebook, instagram, watsapp e outros).\n8. **Qual o prazo para a utilização da etiqueta de logistica reversa?**\n   R: O prazo para a devolução é o mesmo da utilização da etiqueta, ou seja, 6 (seis) dias após o recebimento do documento na caixa de email.\n9. ***Ao solicitar devolução/troca do produto verifique posteriormente se a mensagem com a etiqueta não foi classificada na caixa de email (SPAM).***\n\nAtenção: é de inteira responsabilidade do comprador o cadastramento correto do email, bem como do endereço de email, não enviamos produtos ou email para endereço diferente daquele cadastrado na plataforma",
  "sections": [
    {
      "type": "breadcrumbs",
      "enabled": true
    },
    {
      "type": "page-title",
      "title": "Troca e Devoluções:",
      "description": "A solicitação de troca deve ser feita em até 7 (sete) dias após o recebimento da encomenda (de acordo com o código de rastreamento fornecido pelos Correios), desde que os produtos estejam nas mesmas condições em que foram enviados, sem uso, sem danos, sem odores e sem violação de embalagem. A primeira troca o frete é por nossa conta!"
    },
    {
      "type": "extra-page",
      "enabled": true
    }
  ]
}