{
  "pkg": "@ecomplus/widget-opinioes-verificadas",
  "active": true,
  "desktopOnly": false,
  "enableCheckout": false,
  "disablePages": true,
  "options": {
    "stamp": "<meta class=\"netreviewsWidget\" id=\"netreviewsWidgetNum3969\" data-jsurl=\"//cl.avis-verifies.com/br/cache/6/8/e/68eb6c3e-4092-80d4-b139-d08725106c7e/widget4/widget10-right-3969_script.js\"/><script src=\"//cl.avis-verifies.com/br/widget4/widget10_FB3.min.js\"></script>",
    "tagJs": "<script charset=\"utf-8\" src=\"//cl.avis-verifies.com/br/cache/6/8/e/68eb6c3e-4092-80d4-b139-d08725106c7e/AWS/PRODUCT_API/tag.min.js\"></script>"
  },
  "headAppend": "src/append/head",
  "bodyAppend": "src/append/body",
  "productCardSlots": "src/append/product-card-slots",
  "productSlots": "src/append/product-slots",
  "productDescriptionAppend": "src/append/product-block",
  "stampsAppend": "src/append/stamps",
  "useJquery": true
}