{
  "meta_title": "Blue Kids roupa social infantil tematica para aniversario",
  "meta_description": "Blue Kids site de roupa infantil para você comprar roupa infantil para criança roupa social com suspensorio e gravata borboleta",
  "sections": [
    {
      "type": "info-bar",
      "enabled": true
    },
    {
      "type": "responsive-banner",
      "img": "/img/uploads/criancas-com-capas.jpg",
      "mobile_img": "/img/uploads/criancas-com-capas-mobile.jpg",
      "alt": "banner a festa vai começar Blue Kids | roupa social infantil para meninos",
      "link": "https://www.bluekids.com.br/search?term=anivers%C3%A1rio"
    },
    {
      "type": "dynamic-showcase",
      "load_more": true,
      "sort": "sales"
    },
    {
      "type": "collection-shelf",
      "shuffle": false,
      "limit": 12,
      "page": 1,
      "sort": "views",
      "collection_id": "5e286a5362887026009bf0fb:collections:Mais vendidos:/estampas-digital"
    },
    {
      "type": "collection-shelf",
      "shuffle": false,
      "limit": 12,
      "page": 1,
      "collection_id": "5e286b0b62887026009bf130:collections:Nossas Novidades:/nossas-novidades",
      "sort": "views"
    },
    {
      "type": "responsive-banner",
      "img": "/img/uploads/herois-de-capa-frente-desktop.jpg",
      "mobile_img": "/img/uploads/herois-de-capa-frente-mobile.jpg"
    },
    {
      "type": "collection-shelf",
      "shuffle": true,
      "collection_id": "5e31f85162887026009eaedd:collections:Coleção Fundo do Mar:/colecao-fundo-do-mar",
      "sort": "sales",
      "headless": false
    },
    {
      "type": "collection-shelf",
      "shuffle": false,
      "limit": "",
      "page": "",
      "sort": "news",
      "collection_id": "5e31f8c962887026009eaee0:collections:Coleção Festa Safari:/colecao-safari",
      "headless": true
    },
    {
      "type": "collection-shelf",
      "shuffle": false,
      "limit": 12,
      "page": 1,
      "collection_id": "6054cada4b94844608666df0:collections:Coleção Roupa Arca de Noe:/colecao-roupa-arca-noe",
      "sort": "sales"
    },
    {
      "type": "collection-shelf",
      "shuffle": true,
      "limit": 12,
      "page": 1,
      "collection_id": "6054bec34b948446086662d8:collections:Coleção Roupa Batizado:/colecao-roupa-batizado-masculino"
    }
  ]
}